elapsed_s,user_s,system_s,rss_kib,peak_rss_kib
0.000053,0,0,4720,4720
0.100157,0,0,24448,24448
0.200260,0.01,0.01,24472,24472
0.300351,0.01,0.01,24472,24472
0.400462,0.01,0.01,24476,24476
0.500569,0.01,0.01,24476,24476
0.601153,0.01,0.01,24476,24476
0.701321,0.01,0.01,24480,24480
0.802024,0.01,0.01,24484,24484
0.902591,0.01,0.01,24484,24484
1.003166,0.01,0.01,24484,24484
1.103743,0.01,0.01,24484,24484
1.204322,0.01,0.01,24484,24484
1.304911,0.01,0.01,24484,24484
1.405496,0.01,0.01,24484,24484
1.506069,0.01,0.01,24484,24484
1.606644,0.01,0.01,24484,24484
1.707222,0.01,0.01,24484,24484
1.807799,0.01,0.01,24484,24484
1.908496,0.01,0.01,24484,24484
2.009070,0.01,0.01,24484,24484
2.109645,0.01,0.01,24484,24484
2.210219,0.01,0.01,24484,24484
2.310793,0.01,0.01,24484,24484
2.411368,0.01,0.01,24484,24484
2.511961,0.01,0.01,24484,24484
2.612559,0.01,0.01,24484,24484
2.713154,0.01,0.01,24484,24484
2.813754,0.01,0.01,24484,24484
2.914322,0.01,0.01,24484,24484
3.014914,0.01,0.01,24484,24484
3.115520,0.01,0.01,24484,24484
3.216097,0.01,0.01,24484,24484
3.316667,0.01,0.01,24484,24484
3.417238,0.01,0.01,24484,24484
3.517805,0.01,0.01,24484,24484
3.617974,0.01,0.01,24484,24484
3.718564,0.01,0.01,24484,24484
3.819146,0.01,0.01,24484,24484
3.919719,0.01,0.01,24484,24484
4.020295,0.01,0.01,24484,24484
4.120885,0.01,0.01,24484,24484
4.221542,0.01,0.01,24484,24484
4.322115,0.01,0.01,24484,24484
4.422694,0.01,0.01,24484,24484
4.523269,0.01,0.01,24484,24484
4.623844,0.01,0.01,24484,24484
4.724426,0.01,0.01,24484,24484
4.825008,0.01,0.01,24484,24484
4.925586,0.01,0.01,24484,24484
5.026157,0.01,0.01,24484,24484
5.126325,0.01,0.01,24484,24484
5.226914,0.01,0.01,24484,24484
5.327556,0.01,0.01,24484,24484
5.428123,0.01,0.01,24484,24484
5.528565,0.01,0.01,24484,24484
5.629160,0.01,0.01,24484,24484
5.729761,0.01,0.01,24484,24484
5.830343,0.01,0.01,24484,24484
5.930945,0.01,0.01,24484,24484
6.031575,0.01,0.01,24484,24484
6.132149,0.01,0.01,24484,24484
6.232730,0.01,0.01,24484,24484
6.333313,0.01,0.01,24484,24484
6.433902,0.01,0.01,24484,24484
6.534591,0.01,0.01,24484,24484
6.634746,0.01,0.01,24484,24484
6.735253,0.01,0.01,24484,24484
6.835823,0.01,0.01,24484,24484
6.936405,0.01,0.01,24484,24484
7.036978,0.01,0.01,24484,24484
7.137120,0.01,0.01,24484,24484
7.237229,0.01,0.01,24528,24528
7.337342,0.01,0.02,24528,24528
7.437456,0.02,0.02,24528,24528
7.537566,0.02,0.02,24528,24528
7.637679,0.02,0.02,24528,24528
7.738258,0.02,0.02,24528,24528
7.838833,0.02,0.02,24528,24528
7.939414,0.02,0.02,24528,24528
8.039989,0.02,0.02,24528,24528
8.140624,0.02,0.02,24528,24528
8.241208,0.02,0.02,24528,24528
8.341791,0.02,0.02,24528,24528
8.442376,0.02,0.02,24528,24528
8.542962,0.02,0.02,24528,24528
8.643646,0.02,0.02,24528,24528
8.744244,0.02,0.02,24528,24528
8.844838,0.02,0.02,24528,24528
8.945409,0.02,0.02,24528,24528
9.045976,0.02,0.02,24528,24528
9.146636,0.02,0.02,24528,24528
9.247214,0.02,0.02,24528,24528
9.347780,0.02,0.02,24528,24528
9.448351,0.02,0.02,24528,24528
9.548944,0.02,0.02,24528,24528
9.649526,0.02,0.02,24528,24528
9.750105,0.02,0.02,24528,24528
9.850686,0.02,0.02,24528,24528
9.951166,0.02,0.02,24528,24528
10.051323,0.02,0.02,24528,24528
10.151964,0.02,0.02,24528,24528
10.252134,0.02,0.02,24528,24528
10.352701,0.02,0.02,24528,24528
10.453276,0.02,0.02,24528,24528
10.553871,0.02,0.02,24528,24528
10.654448,0.02,0.02,24528,24528
10.755028,0.02,0.02,24528,24528
10.855670,0.02,0.02,24528,24528
10.956253,0.02,0.02,24524,24524
11.056823,0.02,0.02,24524,24524
11.157393,0.02,0.02,24524,24524
11.257556,0.02,0.02,24524,24524
11.358122,0.02,0.02,24524,24524
11.458700,0.02,0.02,24524,24524
11.559289,0.02,0.02,24524,24524
11.659886,0.02,0.02,24524,24524
11.760481,0.02,0.02,24524,24524
11.861075,0.02,0.02,24524,24524
11.961692,0.02,0.02,24524,24524
12.062261,0.02,0.02,24524,24524
12.162830,0.02,0.02,24524,24524
12.262994,0.02,0.02,24524,24524
12.363566,0.02,0.02,24524,24524
12.464145,0.02,0.02,24524,24524
12.564722,0.02,0.02,24524,24524
12.665296,0.02,0.02,24524,24524
12.765887,0.02,0.02,24524,24524
12.866459,0.02,0.02,24524,24524
12.966582,0.02,0.02,24540,24540
13.066704,0.02,0.02,24544,24544
13.166842,0.03,0.02,24544,24544
13.266951,0.03,0.02,24544,24544
13.367058,0.03,0.02,24544,24544
13.467173,0.03,0.02,24544,24544
13.567746,0.03,0.02,24544,24544
13.667925,0.03,0.02,24544,24544
13.768455,0.03,0.02,24544,24544
13.869035,0.03,0.02,24544,24544
13.969735,0.03,0.02,24544,24544
14.070318,0.03,0.02,24544,24544
14.170909,0.03,0.02,24544,24544
14.271490,0.03,0.02,24544,24544
14.372162,0.03,0.02,24544,24544
14.472752,0.03,0.02,24544,24544
14.573334,0.03,0.02,24544,24544
14.673934,0.03,0.02,24544,24544
14.774529,0.03,0.02,24544,24544
14.875116,0.03,0.02,24544,24544
14.975764,0.03,0.03,24544,24544
15.076327,0.03,0.03,24544,24544
15.176920,0.03,0.03,24544,24544
15.277499,0.03,0.03,24544,24544
15.378066,0.03,0.03,24544,24544
15.478637,0.03,0.03,24544,24544
15.579214,0.03,0.03,24544,24544
15.679785,0.03,0.03,24544,24544
15.780356,0.03,0.03,24544,24544
15.880940,0.03,0.03,24544,24544
15.981103,0.03,0.03,24544,24544
16.081772,0.03,0.03,24544,24544
16.182345,0.03,0.03,24544,24544
16.282938,0.03,0.03,24544,24544
16.383515,0.03,0.03,24544,24544
16.484091,0.03,0.03,24544,24544
16.584439,0.03,0.03,24544,24544
16.684603,0.03,0.03,24544,24544
16.785216,0.03,0.03,24544,24544
16.885791,0.03,0.03,24544,24544
16.986364,0.03,0.03,24544,24544
17.086532,0.03,0.03,24544,24544
17.187105,0.03,0.03,24544,24544
17.287788,0.03,0.03,24532,24532
17.388358,0.03,0.03,24532,24532
17.488954,0.03,0.03,24532,24532
17.589534,0.03,0.03,24532,24532
17.690116,0.03,0.03,24532,24532
17.790816,0.03,0.03,24532,24532
17.891383,0.03,0.03,24532,24532
17.991964,0.03,0.03,24532,24532
18.092550,0.03,0.03,24532,24532
18.193122,0.03,0.03,24532,24532
18.293811,0.03,0.03,24532,24532
18.394389,0.03,0.03,24532,24532
18.494957,0.03,0.03,24532,24532
18.595535,0.03,0.03,24532,24532
18.696104,0.03,0.03,24532,24532
18.796691,0.03,0.03,24532,24532
18.897266,0.03,0.03,24532,24532
18.997849,0.03,0.03,24532,24532
19.098441,0.03,0.03,24532,24532
19.199025,0.03,0.03,24532,24532
19.299150,0.03,0.03,24540,24540
19.399271,0.03,0.03,24540,24540
19.499391,0.04,0.03,24544,24544
19.599497,0.04,0.03,24544,24544
19.699611,0.04,0.03,24544,24544
19.799726,0.04,0.03,24544,24544
19.900309,0.04,0.03,24544,24544
20.000900,0.04,0.03,24544,24544
20.101080,0.04,0.03,24544,24544
20.201243,0.04,0.03,24544,24544
20.301807,0.04,0.03,24544,24544
20.402377,0.04,0.03,24544,24544
20.502961,0.04,0.03,24544,24544
20.603545,0.04,0.03,24544,24544
20.704127,0.04,0.03,24544,24544
20.804719,0.04,0.03,24544,24544
20.905291,0.04,0.03,24544,24544
21.005878,0.04,0.03,24544,24544
21.106455,0.04,0.03,24544,24544
21.207023,0.04,0.03,24544,24544
21.307589,0.04,0.03,24544,24544
21.408156,0.04,0.03,24544,24544
21.508732,0.04,0.03,24544,24544
21.609302,0.04,0.03,24544,24544
21.709894,0.04,0.04,24544,24544
21.810471,0.04,0.04,24544,24544
21.911047,0.04,0.04,24544,24544
22.011620,0.04,0.04,24544,24544
22.112195,0.04,0.04,24544,24544
22.212901,0.04,0.04,24544,24544
22.313486,0.04,0.04,24544,24544
22.414062,0.04,0.04,24544,24544
22.514637,0.04,0.04,24544,24544
22.615214,0.04,0.04,24544,24544
22.715900,0.04,0.04,24544,24544
22.816476,0.04,0.04,24544,24544
22.917208,0.04,0.04,24532,24532
23.017711,0.04,0.04,24532,24532
23.117885,0.04,0.04,24532,24532
23.218402,0.04,0.04,24532,24532
23.318979,0.04,0.04,24532,24532
23.419564,0.04,0.04,24532,24532
23.520144,0.04,0.04,24532,24532
23.620725,0.04,0.04,24532,24532
23.721309,0.04,0.04,24532,24532
23.821946,0.04,0.04,24532,24532
23.922517,0.04,0.04,24532,24532
24.023083,0.04,0.04,24532,24532
24.123663,0.04,0.04,24532,24532
24.224235,0.04,0.04,24532,24532
24.324805,0.04,0.04,24532,24532
24.425376,0.04,0.04,24532,24532
24.525950,0.04,0.04,24532,24532
24.626520,0.04,0.04,24532,24532
24.727091,0.04,0.04,24532,24532
24.827668,0.04,0.04,24532,24532
24.927811,0.04,0.04,24532,24532
25.027933,0.04,0.04,24552,24552
25.128043,0.04,0.04,24552,24552
25.228166,0.04,0.04,24552,24552
25.328287,0.04,0.04,24552,24552
25.428403,0.04,0.04,24552,24552
25.529009,0.04,0.04,24552,24552
25.629584,0.04,0.04,24552,24552
25.730158,0.04,0.04,24552,24552
25.830740,0.04,0.04,24552,24552
25.931320,0.04,0.04,24552,24552
26.031494,0.04,0.04,24552,24552
26.131593,0.04,0.04,24552,24552
26.232159,0.04,0.04,24552,24552
26.332732,0.04,0.04,24552,24552
26.433329,0.04,0.04,24552,24552
26.533980,0.04,0.04,24552,24552
26.634357,0.04,0.04,24552,24552
26.734523,0.04,0.04,24552,24552
26.835215,0.04,0.05,24552,24552
26.935800,0.04,0.05,24552,24552
27.035961,0.04,0.05,24552,24552
27.136531,0.04,0.05,24552,24552
27.236694,0.04,0.05,24552,24552
27.337260,0.04,0.05,24552,24552
27.437839,0.04,0.05,24552,24552
27.538415,0.04,0.05,24552,24552
27.638985,0.04,0.05,24552,24552
27.739560,0.04,0.05,24552,24552
27.840135,0.04,0.05,24552,24552
27.940711,0.04,0.05,24552,24552
28.041283,0.04,0.05,24552,24552
28.141878,0.04,0.05,24552,24552
28.242458,0.04,0.05,24552,24552
28.343028,0.04,0.05,24552,24552
28.443614,0.04,0.05,24552,24552
28.544200,0.04,0.05,24552,24552
28.644786,0.04,0.05,24540,24540
28.745365,0.04,0.05,24540,24540
28.846009,0.04,0.05,24540,24540
28.946586,0.04,0.05,24540,24540
29.047161,0.04,0.05,24540,24540
29.147732,0.04,0.05,24540,24540
29.248313,0.04,0.05,24540,24540
29.348903,0.04,0.05,24540,24540
29.449489,0.04,0.05,24540,24540
29.550083,0.04,0.05,24540,24540
29.650684,0.04,0.05,24540,24540
29.751027,0.04,0.05,24540,24540
29.851205,0.04,0.05,24540,24540
29.951705,0.04,0.05,24540,24540
30.052276,0.04,0.05,24540,24540
30.152845,0.04,0.05,24540,24540
30.253021,0.04,0.05,24540,24540
30.353600,0.04,0.05,24540,24540
30.454167,0.05,0.05,24540,24540
30.554741,0.05,0.05,24540,24540
30.654903,0.05,0.05,24560,24560
30.755054,0.05,0.05,24560,24560
30.855184,0.05,0.05,24564,24564
30.955304,0.05,0.05,24564,24564
31.055409,0.05,0.05,24564,24564
31.155517,0.05,0.05,24564,24564
31.255674,0.05,0.05,24564,24564
31.356242,0.05,0.05,24564,24564
31.456817,0.05,0.05,24564,24564
31.557392,0.05,0.05,24564,24564
31.658050,0.05,0.05,24564,24564
31.758628,0.05,0.05,24564,24564
31.859207,0.05,0.05,24564,24564
31.959785,0.05,0.05,24564,24564
32.060362,0.05,0.05,24564,24564
32.160948,0.05,0.05,24564,24564
32.261117,0.05,0.05,24564,24564
32.361416,0.05,0.05,24564,24564
32.462079,0.05,0.05,24564,24564
32.562678,0.05,0.05,24564,24564
32.663269,0.05,0.05,24564,24564
32.763442,0.05,0.05,24564,24564
32.864082,0.05,0.05,24564,24564
32.964664,0.05,0.05,24564,24564
33.065233,0.05,0.05,24564,24564
33.165807,0.05,0.05,24564,24564
33.266380,0.05,0.05,24564,24564
33.366963,0.05,0.05,24564,24564
33.467539,0.05,0.05,24564,24564
33.567704,0.05,0.05,24564,24564
33.668389,0.05,0.05,24564,24564
33.768961,0.05,0.05,24564,24564
33.869540,0.05,0.05,24564,24564
33.970117,0.05,0.05,24564,24564
34.070688,0.05,0.05,24564,24564
34.171266,0.05,0.05,24564,24564
34.271842,0.05,0.05,24540,24540
34.372418,0.05,0.05,24540,24540
34.473094,0.05,0.05,24540,24540
34.573668,0.05,0.05,24540,24540
34.674249,0.05,0.05,24540,24540
34.774831,0.05,0.05,24540,24540
34.875414,0.05,0.05,24540,24540
34.975999,0.05,0.05,24540,24540
35.076581,0.05,0.05,24540,24540
35.177156,0.05,0.05,24540,24540
35.277734,0.05,0.05,24540,24540
35.378313,0.05,0.05,24540,24540
35.478907,0.05,0.05,24540,24540
35.579507,0.05,0.06,24540,24540
35.680141,0.05,0.06,24540,24540
35.780737,0.05,0.06,24540,24540
35.881303,0.05,0.06,24540,24540
35.981892,0.05,0.06,24540,24540
36.082459,0.05,0.06,24540,24540
36.183128,0.05,0.06,24540,24540
36.283300,0.06,0.06,24540,24540
36.383401,0.06,0.06,24564,24564
36.483505,0.06,0.06,24564,24564
36.583604,0.06,0.06,24564,24564
36.683694,0.06,0.06,24564,24564
36.783773,0.06,0.06,24564,24564
36.884238,0.06,0.06,24564,24564
36.984404,0.06,0.06,24564,24564
37.084922,0.06,0.06,24564,24564
37.185492,0.06,0.06,24564,24564
37.285666,0.06,0.06,24564,24564
37.386240,0.06,0.06,24564,24564
37.486821,0.06,0.06,24564,24564
37.587396,0.06,0.06,24564,24564
37.687978,0.06,0.06,24564,24564
37.788559,0.06,0.06,24564,24564
37.889168,0.06,0.06,24564,24564
37.989749,0.06,0.06,24564,24564
38.090332,0.06,0.06,24564,24564
38.190922,0.06,0.06,24564,24564
38.291501,0.06,0.06,24564,24564
38.392164,0.06,0.06,24564,24564
38.492743,0.06,0.06,24564,24564
38.593325,0.06,0.06,24564,24564
38.693509,0.06,0.06,24564,24564
38.794174,0.06,0.06,24564,24564
38.894745,0.06,0.06,24564,24564
38.995325,0.06,0.06,24564,24564
39.095904,0.06,0.06,24564,24564
39.196469,0.06,0.06,24564,24564
39.297049,0.06,0.06,24564,24564
39.397622,0.06,0.06,24564,24564
39.498200,0.06,0.06,24564,24564
39.598769,0.06,0.06,24564,24564
39.699340,0.06,0.06,24564,24564
39.799928,0.06,0.06,24564,24564
39.900500,0.06,0.06,24564,24564
40.000875,0.06,0.06,24540,24540
40.101036,0.06,0.06,24540,24540
40.201653,0.06,0.06,24540,24540
40.302226,0.06,0.06,24540,24540
40.402799,0.06,0.06,24540,24540
40.503378,0.06,0.06,24540,24540
40.603953,0.06,0.06,24540,24540
40.704527,0.06,0.06,24540,24540
40.805210,0.06,0.06,24540,24540
40.905791,0.06,0.06,24540,24540
41.006372,0.06,0.06,24540,24540
41.106949,0.06,0.06,24540,24540
41.207519,0.06,0.06,24540,24540
41.308097,0.06,0.07,24540,24540
41.408668,0.06,0.07,24540,24540
41.509249,0.06,0.07,24540,24540
41.609838,0.06,0.07,24540,24540
41.710436,0.06,0.07,24540,24540
41.811025,0.06,0.07,24540,24540
41.911592,0.06,0.07,24540,24540
42.011715,0.06,0.07,24548,24548
42.111836,0.06,0.07,24564,24564
42.211961,0.07,0.07,24564,24564
42.312076,0.07,0.07,24564,24564
42.412186,0.07,0.07,24564,24564
42.512305,0.07,0.07,24564,24564
42.612886,0.07,0.07,24564,24564
42.713463,0.07,0.07,24564,24564
42.814038,0.07,0.07,24564,24564
42.914609,0.07,0.07,24564,24564
43.015255,0.07,0.07,24564,24564
43.115838,0.07,0.07,24564,24564
43.216412,0.07,0.07,24564,24564
43.316990,0.07,0.07,24564,24564
43.417494,0.07,0.07,24564,24564
43.517649,0.07,0.07,24564,24564
43.618219,0.07,0.07,24564,24564
43.718797,0.07,0.07,24564,24564
43.819377,0.07,0.07,24564,24564
43.919955,0.07,0.07,24564,24564
44.020532,0.07,0.07,24564,24564
44.121116,0.07,0.07,24564,24564
44.221685,0.07,0.07,24564,24564
44.322275,0.07,0.07,24564,24564
44.422866,0.07,0.07,24564,24564
44.523448,0.07,0.07,24564,24564
44.624049,0.07,0.07,24564,24564
44.724644,0.07,0.07,24564,24564
44.825283,0.07,0.07,24564,24564
44.925875,0.07,0.07,24564,24564
45.026455,0.07,0.07,24564,24564
45.127036,0.07,0.07,24564,24564
45.227603,0.07,0.07,24564,24564
45.328283,0.07,0.07,24564,24564
45.428871,0.07,0.07,24564,24564
45.529434,0.07,0.07,24564,24564
45.629602,0.07,0.07,24540,24540
45.730297,0.07,0.07,24540,24540
45.830884,0.07,0.07,24540,24540
45.931454,0.07,0.07,24540,24540
46.032039,0.07,0.07,24540,24540
46.132617,0.07,0.07,24540,24540
46.233297,0.07,0.07,24540,24540
46.333887,0.07,0.07,24540,24540
46.434170,0.07,0.07,24540,24540
46.534817,0.07,0.07,24540,24540
46.635402,0.07,0.07,24540,24540
46.735977,0.07,0.07,24540,24540
46.836558,0.07,0.07,24540,24540
46.937126,0.07,0.07,24540,24540
47.037695,0.07,0.07,24540,24540
47.138308,0.07,0.07,24540,24540
47.238901,0.07,0.07,24540,24540
47.339487,0.07,0.07,24540,24540
47.440067,0.07,0.07,24540,24540
47.540647,0.07,0.07,24540,24540
47.640789,0.07,0.07,24540,24540
47.740912,0.07,0.07,24588,24588
47.841033,0.08,0.07,24596,24596
47.941156,0.08,0.07,24596,24596
48.041264,0.08,0.08,24596,24596
48.141378,0.08,0.08,24596,24596
48.241959,0.08,0.08,24596,24596
48.342545,0.08,0.08,24596,24596
48.443128,0.08,0.08,24596,24596
48.543710,0.08,0.08,24596,24596
48.644345,0.08,0.08,24596,24596
48.744937,0.08,0.08,24596,24596
48.845516,0.08,0.08,24596,24596
48.946099,0.08,0.08,24596,24596
49.046673,0.08,0.08,24596,24596
49.147345,0.08,0.08,24596,24596
49.247934,0.08,0.08,24596,24596
49.348501,0.08,0.08,24596,24596
49.449083,0.08,0.08,24596,24596
49.549666,0.08,0.08,24596,24596
49.650236,0.08,0.08,24596,24596
49.750763,0.08,0.08,24596,24596
49.850931,0.08,0.08,24596,24596
49.951540,0.08,0.08,24596,24596
50.052108,0.08,0.08,24596,24596
50.152683,0.08,0.08,24596,24596
50.252848,0.08,0.08,24596,24596
50.353439,0.08,0.08,24596,24596
50.454015,0.08,0.08,24596,24596
50.554595,0.08,0.08,24596,24596
50.655181,0.08,0.08,24596,24596
50.755394,0.08,0.08,24596,24596
50.855963,0.08,0.08,24596,24596
50.956540,0.08,0.08,24596,24596
51.057124,0.08,0.08,24596,24596
51.157700,0.08,0.08,24596,24596
51.257874,0.08,0.08,24596,24596
51.358443,0.08,0.08,24596,24596
51.459013,0.08,0.08,24596,24596
51.559590,0.08,0.08,24572,24572
51.660161,0.08,0.08,24572,24572
51.760771,0.08,0.08,24572,24572
51.861404,0.08,0.08,24572,24572
51.961975,0.08,0.08,24572,24572
52.062552,0.08,0.08,24572,24572
52.163132,0.08,0.08,24572,24572
52.263669,0.08,0.08,24572,24572
52.364250,0.08,0.08,24572,24572
52.464829,0.08,0.08,24572,24572
52.565411,0.08,0.08,24572,24572
52.665985,0.08,0.08,24572,24572
52.766559,0.08,0.08,24572,24572
52.867132,0.08,0.08,24572,24572
52.967419,0.08,0.08,24572,24572
53.067583,0.08,0.08,24572,24572
53.168082,0.08,0.08,24572,24572
53.268661,0.08,0.08,24572,24572
53.369234,0.08,0.08,24572,24572
53.469817,0.08,0.08,24572,24572
53.569920,0.08,0.08,24596,24596
53.670021,0.08,0.08,24596,24596
53.770118,0.09,0.08,24596,24596
53.870210,0.09,0.09,24596,24596
53.970298,0.09,0.09,24596,24596
54.070405,0.09,0.09,24596,24596
54.170973,0.09,0.09,24596,24596
54.271540,0.09,0.09,24596,24596
54.372075,0.09,0.09,24596,24596
54.472690,0.09,0.09,24596,24596
54.573263,0.09,0.09,24596,24596
54.673836,0.09,0.09,24596,24596
54.774445,0.09,0.09,24596,24596
54.875017,0.09,0.09,24596,24596
54.975593,0.09,0.09,24596,24596
55.076168,0.09,0.09,24596,24596
55.176753,0.09,0.09,24596,24596
55.277453,0.09,0.09,24596,24596
55.378026,0.09,0.09,24596,24596
55.478604,0.09,0.09,24596,24596
55.579184,0.09,0.09,24596,24596
55.679766,0.09,0.09,24596,24596
55.780462,0.09,0.09,24596,24596
55.881041,0.09,0.09,24596,24596
55.981623,0.09,0.09,24596,24596
56.082205,0.09,0.09,24596,24596
56.182779,0.09,0.09,24596,24596
56.283467,0.09,0.09,24596,24596
56.384025,0.09,0.09,24596,24596
56.484185,0.09,0.09,24596,24596
56.584811,0.09,0.09,24596,24596
56.684969,0.09,0.09,24596,24596
56.785546,0.09,0.09,24596,24596
56.886127,0.09,0.09,24596,24596
56.986701,0.09,0.09,24596,24596
57.087273,0.09,0.09,24596,24596
57.187483,0.09,0.09,24596,24596
57.288062,0.09,0.09,24596,24596
57.388634,0.09,0.09,24596,24596
57.489212,0.09,0.09,24596,24596
57.589794,0.09,0.09,24576,24576
57.690369,0.09,0.09,24576,24576
57.790511,0.09,0.09,24608,24608
57.890640,0.09,0.09,24608,24608
57.990743,0.09,0.09,24608,24608
58.090836,0.09,0.09,24608,24608
58.190896,0.1,0.09,24608,24608
58.291025,0.1,0.1,24608,24608
58.391142,0.1,0.1,24832,24832
58.491266,0.1,0.1,24832,24832
58.591389,0.11,0.11,24832,24832
58.691509,0.11,0.11,24832,24832
58.791629,0.11,0.11,24832,24832
58.892217,0.11,0.11,24832,24832
58.992789,0.11,0.11,24832,24832
59.093367,0.11,0.11,24832,24832
59.193964,0.11,0.11,24832,24832
59.294121,0.11,0.12,24832,24832
59.394230,0.11,0.12,24832,24832
59.494336,0.12,0.12,24832,24832
59.594447,0.12,0.12,24832,24832
59.694559,0.13,0.12,24832,24832
59.794671,0.13,0.12,24832,24832
59.894782,0.13,0.13,24832,24832
59.994899,0.13,0.13,24832,24832
60.095006,0.13,0.13,24832,24832
60.195158,0.14,0.13,24832,24832
60.295268,0.14,0.13,24832,24832
60.395388,0.14,0.13,24832,24832
60.495506,0.14,0.13,24832,24832
60.595614,0.14,0.14,24832,24832
60.696181,0.14,0.14,24832,24832
60.796636,0.15,0.15,24832,24832
60.896914,0.15,0.15,24832,24832
60.997187,0.15,0.15,24832,24832
61.097296,0.15,0.15,24832,24832
61.197420,0.15,0.15,24832,24832
61.297525,0.15,0.16,24832,24832
61.397759,0.16,0.16,24832,24832
61.498317,0.16,0.16,24832,24832
61.598784,0.17,0.16,24832,24832
61.699114,0.17,0.17,24832,24832
61.799387,0.17,0.17,24832,24832
61.899506,0.17,0.17,24832,24832
61.999623,0.17,0.17,24832,24832
62.099733,0.17,0.17,24832,24832
62.199862,0.18,0.17,24832,24832
62.299982,0.18,0.17,24832,24832
62.400106,0.18,0.18,24832,24832
62.500213,0.18,0.18,24832,24832
62.600337,0.18,0.19,24832,24832
62.700451,0.19,0.19,24832,24832
62.800558,0.19,0.19,24832,24832
62.900704,0.19,0.19,24832,24832
63.000860,0.19,0.19,24832,24832
63.100976,0.19,0.2,24832,24832
63.201092,0.19,0.2,24832,24832
63.301201,0.19,0.2,24832,24832
63.401308,0.2,0.2,24832,24832
63.501427,0.2,0.2,24832,24832
63.601527,0.2,0.21,24832,24832
63.701647,0.21,0.21,24832,24832
63.801754,0.21,0.21,24832,24832
63.901886,0.21,0.21,24832,24832
64.002005,0.21,0.21,24832,24832
64.102125,0.21,0.22,24832,24832
64.202235,0.21,0.22,24832,24832
64.302370,0.21,0.22,24832,24832
64.402489,0.21,0.22,24832,24832
64.502592,0.22,0.23,24832,24832
64.602701,0.22,0.23,24832,24832
64.702801,0.22,0.24,24832,24832
64.802888,0.22,0.24,24832,24832
64.903006,0.22,0.24,24832,24832
65.003387,0.22,0.24,24832,24832
65.103532,0.22,0.24,24832,24832
65.203644,0.22,0.24,24832,24832
65.303756,0.23,0.24,24832,24832
65.403876,0.23,0.25,24832,24832
65.503983,0.23,0.25,24832,24832
65.604449,0.24,0.25,24832,24832
65.704545,0.24,0.25,24832,24832
65.804816,0.24,0.26,24832,24832
65.904926,0.24,0.26,24832,24832
66.005038,0.24,0.26,24832,24832
66.105143,0.25,0.26,24832,24832
66.205231,0.25,0.26,24832,24832
66.305314,0.25,0.26,24832,24832
66.405403,0.26,0.26,24832,24832
66.505497,0.26,0.26,24832,24832
66.605595,0.27,0.27,24832,24832
66.705693,0.27,0.27,24832,24832
66.805794,0.27,0.27,24832,24832
66.905910,0.27,0.27,24832,24832
67.006048,0.27,0.27,24832,24832
67.106158,0.28,0.27,24832,24832
67.206263,0.28,0.27,24832,24832
67.306361,0.28,0.27,24832,24832
67.406465,0.28,0.28,24832,24832
67.506566,0.29,0.28,24832,24832
67.606670,0.29,0.29,24832,24832
67.706765,0.29,0.29,24836,24836
